id,title,org_name,location,ncs,job_type,start_date,end_date,dday,status,detail_url
1,채용형 인턴 채용공고(주택관리공단 대전충남지사),주택관리공단(주),"대전,충남","건설,기계,전기.전자,환경.에너지.안전",청년인턴(채용형),2025.07.02,25.07.09,D-6,진행중,https://job.alio.go.kr/recruit.do?pageNo=1&idx=287858
2,체험형 인턴 채용공고(주택관리공단 강원지사),주택관리공단(주),강원,경영.회계.사무,청년인턴(체험형),2025.07.02,25.07.17,D-14,진행중,https://job.alio.go.kr/recruit.do?pageNo=1&idx=287857
3,체험형 인턴 채용공고(주택관리공단 강원지사),주택관리공단(주),강원,"건설,기계,전기.전자,환경.에너지.안전",청년인턴(체험형),2025.07.02,25.07.17,D-14,진행중,https://job.alio.go.kr/recruit.do?pageNo=1&idx=287855
4,"체험형 인턴 채용공고(주택관리공단 본사, 장애인)",주택관리공단(주),경남,경영.회계.사무,청년인턴(체험형),2025.07.02,25.07.17,D-14,진행중,https://job.alio.go.kr/recruit.do?pageNo=1&idx=287854
5,[태백지사] 청년(체험형)인턴 채용 공고,근로복지공단,강원,경영.회계.사무,청년인턴(체험형),2025.07.02,25.07.09,D-6,진행중,https://job.alio.go.kr/recruit.do?pageNo=1&idx=287853
6,2025년 한국통계정보원 무기계약직(경력직 및 채용형 청년인턴) 통합채용 공고,(재)한국통계정보원,대전,"경영.회계.사무,정보통신",무기계약직 외 1,2025.07.02,25.07.15,D-12,진행중,https://job.alio.go.kr/recruit.do?pageNo=1&idx=287837
7,2025년 공영홈쇼핑 체험형 청년인턴 채용 공고,(주)공영홈쇼핑,서울,"사업관리,경영.회계.사무,법률.경찰.소방.교도.국방,문화.예술.디자인.방송,영업판매,정보통신",청년인턴(체험형),2025.07.01,25.07.16,D-13,진행중,https://job.alio.go.kr/recruit.do?pageNo=1&idx=287802
8,연구개발특구진흥재단 2025년 제2차 신규직원(체험형 청년인턴) 채용 공고,연구개발특구진흥재단,"대전,광주,전북",경영.회계.사무,청년인턴(체험형),2025.07.01,25.07.17,D-14,진행중,https://job.alio.go.kr/recruit.do?pageNo=1&idx=287783
9,2025년 하반기 체험형 청년인턴(장애인 전형) 모집,대한무역투자진흥공사,"서울,인천,대전,대구,부산,광주,울산,경기,강원,충남,충북,경북,경남,전북",경영.회계.사무,청년인턴(체험형),2025.07.01,25.12.31,D-181,진행중,https://job.alio.go.kr/recruit.do?pageNo=1&idx=287755
10,한국에너지공단 신입직원(채용형 인턴) 채용 공고,한국에너지공단,울산,"경영.회계.사무,법률.경찰.소방.교도.국방,건설,기계,전기.전자,정보통신,환경.에너지.안전",청년인턴(채용형),2025.07.01,25.07.17,D-14,진행중,https://job.alio.go.kr/recruit.do?pageNo=1&idx=287728
11,2025년도 하반기 신용보증기금 체험형 청년인턴 채용,신용보증기금,"서울,인천,대전,대구,부산,광주,경기,충남,충북,경남,전남",금융.보험,청년인턴(체험형),2025.07.01,25.07.15,D-12,진행중,https://job.alio.go.kr/recruit.do?pageNo=1&idx=287677
12,"[대구보훈병원] (긴급) 계약직[보건직,기능직,업무지원직,청년인턴(장애)] 공개채용",한국보훈복지의료공단,대구,보건.의료,비정규직 외 1,2025.06.30,25.07.10,D-7,진행중,https://job.alio.go.kr/recruit.do?pageNo=1&idx=287794
13,2025년도 제3회 공개채용,한국기상산업기술원,"서울,대전,충북","사업관리,경영.회계.사무,환경.에너지.안전",무기계약직 외 2,2025.06.30,25.07.14,D-11,진행중,https://job.alio.go.kr/recruit.do?pageNo=1&idx=287788
14,2025년 한국지식재산연구원 제2회 채용 공고,한국지식재산연구원,서울,"사업관리,경영.회계.사무,교육.자연.사회과학,법률.경찰.소방.교도.국방,연구",비정규직 외 1,2025.06.30,25.07.15,D-12,진행중,https://job.alio.go.kr/recruit.do?pageNo=1&idx=287777
15,채용형 인턴 채용공고(주택관리공단 강원지사),주택관리공단(주),강원,"건설,기계,전기.전자,환경.에너지.안전",청년인턴(채용형),2025.06.30,25.07.07,D-4,진행중,https://job.alio.go.kr/recruit.do?pageNo=1&idx=287759
16,채용형 인턴 채용공고(주택관리공단 인천지사),주택관리공단(주),울산,"건설,기계,전기.전자,환경.에너지.안전",청년인턴(채용형),2025.06.30,25.07.08,D-5,진행중,https://job.alio.go.kr/recruit.do?pageNo=1&idx=287757
17,체험형 인턴 채용공고(주택관리공단 대구경북지사),주택관리공단(주),경북,"건설,기계,전기.전자,환경.에너지.안전",청년인턴(체험형),2025.06.30,25.07.14,D-11,진행중,https://job.alio.go.kr/recruit.do?pageNo=1&idx=287708
18,"한국한의약진흥원 2025년도 제4차 정규직, 무기계약직, 계약직, 청년인턴 채용 공고",한국한의약진흥원,"서울,대구,경북","사업관리,보건.의료,전기.전자,정보통신,연구",무기계약직 외 3,2025.06.27,25.07.11,D-8,진행중,https://job.alio.go.kr/recruit.do?pageNo=1&idx=287730
19,2025년 제1차 국립울진해양과학관 직원 채용 공고,국립해양과학관,경북,"사업관리,경영.회계.사무,교육.자연.사회과학,문화.예술.디자인.방송,환경.에너지.안전",비정규직 외 2,2025.06.27,25.07.11,D-8,진행중,https://job.alio.go.kr/recruit.do?pageNo=1&idx=287729
20,2025년도 한국학중앙연구원 한국학대학원 청년인턴 공개채용 공고,한국학중앙연구원,경기,"사업관리,경영.회계.사무,교육.자연.사회과학",청년인턴(체험형),2025.06.27,25.07.11,D-8,진행중,https://job.alio.go.kr/recruit.do?pageNo=1&idx=287725
21,[태백병원] 장애전형 청년(체험형)인턴 채용 공고,근로복지공단,강원,보건.의료,청년인턴(체험형),2025.06.27,25.07.04,D-1,진행중,https://job.alio.go.kr/recruit.do?pageNo=1&idx=287711
22,채용형 인턴 채용공고(주택관리공단 대구경북지사),주택관리공단(주),"대구,경북","건설,기계,전기.전자,환경.에너지.안전",청년인턴(채용형),2025.06.27,25.07.04,D-1,진행중,https://job.alio.go.kr/recruit.do?pageNo=1&idx=287707
23,2025년도 제2차 체험형 청년인턴 선발,한국수력원자력(주),"서울,대전,부산,울산,경기,강원,경북,경남,전남,전북","경영.회계.사무,건설,기계,화학,전기.전자,정보통신,환경.에너지.안전",청년인턴(체험형),2025.06.27,25.07.14,D-11,진행중,https://job.alio.go.kr/recruit.do?pageNo=1&idx=287672
24,2025년도 한국법제연구원 청년인턴 채용 공고,한국법제연구원,세종,"경영.회계.사무,교육.자연.사회과학",청년인턴(체험형),2025.06.26,25.07.11,D-8,진행중,https://job.alio.go.kr/recruit.do?pageNo=1&idx=287699
25,2025년 제3차 한국발명진흥회 체험형 인턴 채용(KOICA-YP),한국발명진흥회,서울,"사업관리,경영.회계.사무",청년인턴(체험형),2025.06.26,25.07.10,D-7,진행중,https://job.alio.go.kr/recruit.do?pageNo=1&idx=287678
26,제주대학교병원 체험형 청년인턴(사무보조) 모집공고,제주대학교병원,제주,보건.의료,청년인턴(체험형),2025.06.26,25.07.02,D-Day,진행중,https://job.alio.go.kr/recruit.do?pageNo=1&idx=287676
27,체험형 인턴 채용공고(주택관리공단 서울지사),주택관리공단(주),서울,"건설,기계,전기.전자,환경.에너지.안전",청년인턴(체험형),2025.06.26,25.07.03,D+0,진행중,https://job.alio.go.kr/recruit.do?pageNo=1&idx=287666
28,2025년도 안전보건공단 신규직원(신입직_채용형 인턴 6급) 채용 공고,한국산업안전보건공단,"서울,인천,대전,대구,부산,광주,울산,경기,강원,충남,충북,경북,경남,전남,전북,제주","사업관리,경영.회계.사무,환경.에너지.안전",청년인턴(채용형),2025.06.26,25.07.11,D-8,진행중,https://job.alio.go.kr/recruit.do?pageNo=1&idx=287659
29,2025년도 안전보건공단 신규직원(신입직_채용형 인턴 5급) 채용 공고,한국산업안전보건공단,"서울,인천,대전,대구,부산,광주,울산,경기,강원,충남,충북,경북,경남,전남,전북,제주","사업관리,경영.회계.사무,환경.에너지.안전",청년인턴(채용형),2025.06.26,25.07.11,D-8,진행중,https://job.alio.go.kr/recruit.do?pageNo=1&idx=287657
30,국토연구원 2025년 하반기 KOICA 영프로페셔널(YP인턴) 공개채용,국토연구원,세종,"사업관리,경영.회계.사무",청년인턴(체험형),2025.06.25,25.07.09,D-6,진행중,https://job.alio.go.kr/recruit.do?pageNo=1&idx=287642
31,국토연구원 2025년 제5차 청년인턴 공개채용(일반경쟁),국토연구원,세종,경영.회계.사무,청년인턴(체험형),2025.06.25,25.07.09,D-6,진행중,https://job.alio.go.kr/recruit.do?pageNo=1&idx=287633
32,2025년 제5차 체험형인턴 및 제7차 계약직직원 채용 공고,한국식품안전관리인증원,"서울,대전,대구,부산,광주,경기,강원,충북,제주","사업관리,경영.회계.사무,교육.자연.사회과학,보건.의료,식품가공",비정규직 외 1,2025.06.25,25.07.03,D+0,진행중,https://job.alio.go.kr/recruit.do?pageNo=1&idx=287632
33,[대전병원] 장애전형 청년(체험형)인턴 채용 공고,근로복지공단,대전,보건.의료,청년인턴(체험형),2025.06.25,25.07.02,D-Day,진행중,https://job.alio.go.kr/recruit.do?pageNo=1&idx=287630
34,2025년도 하반기 대한적십자사 <코이카 영프로페셔널(YP)> 청년인턴 채용공고,대한적십자사,서울,"사업관리,경영.회계.사무",청년인턴(체험형),2025.06.25,25.07.10,D-7,진행중,https://job.alio.go.kr/recruit.do?pageNo=1&idx=287628
35,채용형 인턴 채용공고(주택관리공단 부산울산지사),주택관리공단(주),울산,"건설,기계,전기.전자,환경.에너지.안전",청년인턴(채용형),2025.06.25,25.07.02,D-Day,진행중,https://job.alio.go.kr/recruit.do?pageNo=1&idx=287619
36,[KDI국제정책대학원] 2025년 하반기 KOICA ODA YP인턴 채용,KDI국제정책대학원,세종,"사업관리,경영.회계.사무,교육.자연.사회과학",청년인턴(체험형),2025.06.25,25.07.09,D-6,진행중,https://job.alio.go.kr/recruit.do?pageNo=1&idx=287498
37,축산환경관리원 2025년 제3회 직원(채용형 인턴) 채용 공고,(재)축산환경관리원,세종,"사업관리,경영.회계.사무,교육.자연.사회과학,화학,환경.에너지.안전",청년인턴(채용형),2025.06.24,25.07.09,D-6,진행중,https://job.alio.go.kr/recruit.do?pageNo=1&idx=287600
38,채용형 인턴 채용공고(주택관리공단 경기남부지사),주택관리공단(주),경기,"건설,기계,전기.전자,환경.에너지.안전",청년인턴(채용형),2025.06.24,25.07.01,D+2,마감,https://job.alio.go.kr/recruit.do?pageNo=1&idx=287591
39,㈜강원랜드 2025년 상반기 신입직 채용 공고,(주)강원랜드,강원,"보건.의료,이용.숙박.여행.오락.스포츠,음식서비스,정보통신,식품가공,환경.에너지.안전",청년인턴(채용형),2025.06.24,25.07.09,D-6,진행중,https://job.alio.go.kr/recruit.do?pageNo=1&idx=287586
40,"2025년 한국폴리텍대학 항공캠퍼스 청년인턴(장애, 일반) 3차 채용 공고",학교법인한국폴리텍,경남,경영.회계.사무,청년인턴(체험형),2025.06.24,25.07.01,D+2,마감,https://job.alio.go.kr/recruit.do?pageNo=1&idx=287569
41,[창원병원] 청년(체험형)인턴 채용 공고,근로복지공단,경남,보건.의료,청년인턴(체험형),2025.06.24,25.07.01,D+2,마감,https://job.alio.go.kr/recruit.do?pageNo=1&idx=287567
42,채용형 인턴 채용공고(주택관리공단 강원지사),주택관리공단(주),강원,경영.회계.사무,청년인턴(채용형),2025.06.24,25.07.01,D+2,마감,https://job.alio.go.kr/recruit.do?pageNo=1&idx=287561
43,채용형 인턴 채용공고(주택관리공단 인천지사),주택관리공단(주),인천,경영.회계.사무,청년인턴(채용형),2025.06.24,25.07.04,D-1,진행중,https://job.alio.go.kr/recruit.do?pageNo=1&idx=287560
44,한국폴리텍대학 화성캠퍼스 청년인턴(장애인 제한경쟁) 공개채용 재공고,학교법인한국폴리텍,경기,경영.회계.사무,청년인턴(체험형),2025.06.23,25.07.01,D+2,마감,https://job.alio.go.kr/recruit.do?pageNo=1&idx=287504
45,[에너지경제연구원] 공공기관 청년인턴(장애인제한경쟁) 채용 재공고(에너지산업연구본부),에너지경제연구원,울산,경영.회계.사무,청년인턴(체험형),2025.06.23,25.07.03,D+0,진행중,https://job.alio.go.kr/recruit.do?pageNo=1&idx=287496
46,체험형 인턴 채용공고(주택관리공단 광주전남지사),주택관리공단(주),광주,"건설,기계,전기.전자,환경.에너지.안전",청년인턴(체험형),2025.06.23,25.07.08,D-5,진행중,https://job.alio.go.kr/recruit.do?pageNo=1&idx=287495
47,"2025년 상반기 제2차 한국어촌어항공단 직원 공개채용(일반직, 공무직, 기간제계약직, 체험형청년인턴)",한국어촌어항공단,"서울,인천,강원,충남,경남,전남","사업관리,경영.회계.사무,운전.운송,건설,농림어업",무기계약직 외 3,2025.06.23,25.07.07,D-4,진행중,https://job.alio.go.kr/recruit.do?pageNo=1&idx=287494
48,[한국장애인고용공단 대전지역본부] 2025년 특정업무직(직업훈련상담사) 대체근로자(체험형 청년인턴) 채용 공고,한국장애인고용공단,대전,"경영.회계.사무,사회복지.종교",청년인턴(체험형),2025.06.23,25.06.30,D+3,마감,https://job.alio.go.kr/recruit.do?pageNo=1&idx=287486
49,2025년도 한국임업진흥원 제1차 인재채용(체험형인턴) 공고,한국임업진흥원,"서울,대전,경북","경영.회계.사무,인쇄.목재.가구.공예,농림어업",청년인턴(체험형),2025.06.23,25.07.08,D-5,진행중,https://job.alio.go.kr/recruit.do?pageNo=1&idx=287457
50,2025년 제1차 한국잡월드 채용형 청년인턴 채용 공고,한국잡월드,경기,"사업관리,경영.회계.사무,문화.예술.디자인.방송,정보통신",청년인턴(채용형),2025.06.23,25.07.08,D-5,진행중,https://job.alio.go.kr/recruit.do?pageNo=1&idx=287420
51,[광주보훈병원] 2025년 하반기 체험형 청년인턴(장애인) 공개채용,한국보훈복지의료공단,광주,"경영.회계.사무,보건.의료",청년인턴(체험형),2025.06.19,25.06.29,D+4,마감,https://job.alio.go.kr/recruit.do?pageNo=1&idx=287425
52,[광주보훈병원] 2025년 하반기 체험형 청년인턴(방사선사) 공개채용,한국보훈복지의료공단,광주,보건.의료,청년인턴(체험형),2025.06.19,25.06.29,D+4,마감,https://job.alio.go.kr/recruit.do?pageNo=1&idx=287424
53,2025년 한국도로공사 신입(인턴)사원 인재영입 공고,한국도로공사,"인천,대전,대구,광주,울산,경기,강원,충남,충북,경북,경남,전남,전북","경영.회계.사무,건설,기계,전기.전자,정보통신",청년인턴(채용형),2025.06.19,25.07.03,D+0,진행중,https://job.alio.go.kr/recruit.do?pageNo=1&idx=287422
54,한국환경연구원 2025년 하반기 KOICA 영프로페셔널(YP인턴) 공개채용,한국환경연구원,세종,"사업관리,환경.에너지.안전",청년인턴(체험형),2025.06.19,25.07.09,D-6,진행중,https://job.alio.go.kr/recruit.do?pageNo=1&idx=287417
55,2025년 제2차 한국소방산업기술원 체험형 청년인턴 채용 공고,한국소방산업기술원,"경기,충북","경영.회계.사무,기계,화학,섬유.의복,전기.전자,환경.에너지.안전",청년인턴(체험형),2025.06.19,25.07.03,D+0,진행중,https://job.alio.go.kr/recruit.do?pageNo=1&idx=287415
56,한국보건사회연구원 행정인턴(장애인 제한경쟁) 채용(2차),한국보건사회연구원,세종,경영.회계.사무,청년인턴(체험형),2025.06.19,25.07.03,D+0,진행중,https://job.alio.go.kr/recruit.do?pageNo=1&idx=287402
57,채용형 인턴 채용공고(주택관리공단 경기북부지사),주택관리공단(주),경기,경영.회계.사무,청년인턴(채용형),2025.06.19,25.06.26,D+7,마감,https://job.alio.go.kr/recruit.do?pageNo=1&idx=287401
58,[한국환경연구원] 2025년 제10차 인턴직 채용공고,한국환경연구원,세종,경영.회계.사무,청년인턴(체험형),2025.06.18,25.07.02,D-Day,진행중,https://job.alio.go.kr/recruit.do?pageNo=1&idx=287364
59,[순천병원] 청년(체험형)인턴 채용 공고,근로복지공단,전남,보건.의료,청년인턴(체험형),2025.06.18,25.06.25,D+8,마감,https://job.alio.go.kr/recruit.do?pageNo=1&idx=287339
60,2025년 6월 전남대학교병원 청년인턴 채용 공고,전남대학교병원,광주,보건.의료,청년인턴(체험형),2025.06.17,25.07.01,D+2,마감,https://job.alio.go.kr/recruit.do?pageNo=1&idx=287297
61,2025년 제3차 한국교통안전공단 자동차안전연구원 건설기계인증처 기간제근로자 채용공고,한국교통안전공단,경기,경영.회계.사무,청년인턴(체험형),2025.06.17,25.07.02,D-Day,진행중,https://job.alio.go.kr/recruit.do?pageNo=1&idx=287291
62,2025년 제3차 한국교통안전공단 서울본부 기간제근로자 채용공고,한국교통안전공단,서울,"경영.회계.사무,기계,전기.전자",비정규직 외 1,2025.06.17,25.07.02,D-Day,진행중,https://job.alio.go.kr/recruit.do?pageNo=1&idx=287288
63,한국문화예술교육진흥원 직원 채용 공고(25-4차),한국문화예술교육진흥원,서울,"사업관리,경영.회계.사무,교육.자연.사회과학,문화.예술.디자인.방송",무기계약직 외 3,2025.06.17,25.07.02,D-Day,진행중,https://job.alio.go.kr/recruit.do?pageNo=1&idx=287287
64,2025년 제3차 한국교통안전공단 경기북부본부 기간제근로자 채용공고,한국교통안전공단,경기,"경영.회계.사무,경비.청소,기계",비정규직 외 1,2025.06.17,25.07.02,D-Day,진행중,https://job.alio.go.kr/recruit.do?pageNo=1&idx=287282
65,2025년 한국교통안전공단 상주교통안전체험교육센터 기간제근로자(청년인턴) 채용 공고(통합 3차),한국교통안전공단,경북,경영.회계.사무,청년인턴(체험형),2025.06.17,25.07.02,D-Day,진행중,https://job.alio.go.kr/recruit.do?pageNo=1&idx=287277
66,2025년 제3차 한국발명진흥회 공무직 채용 공고,한국발명진흥회,전북,"사업관리,경영.회계.사무",무기계약직 외 1,2025.06.17,25.07.01,D+2,마감,https://job.alio.go.kr/recruit.do?pageNo=1&idx=287272
67,채용형 인턴 채용공고(주택관리공단 대구경북지사),주택관리공단(주),"대구,경북","건설,기계,전기.전자,환경.에너지.안전",청년인턴(채용형),2025.06.17,25.06.24,D+9,마감,https://job.alio.go.kr/recruit.do?pageNo=1&idx=287264
68,채용형 인턴 채용공고(주택관리공단 대구경북지사),주택관리공단(주),"대구,경북","건설,기계,전기.전자,환경.에너지.안전",청년인턴(채용형),2025.06.17,25.06.24,D+9,마감,https://job.alio.go.kr/recruit.do?pageNo=1&idx=287263
69,채용형 인턴 채용공고(주택관리공단 강원지사),주택관리공단(주),강원,경영.회계.사무,청년인턴(채용형),2025.06.17,25.06.24,D+9,마감,https://job.alio.go.kr/recruit.do?pageNo=1&idx=287262
70,한국교통안전공단 부산본부 기간제근로자(청년인턴) 채용 공고,한국교통안전공단,부산,경영.회계.사무,청년인턴(체험형),2025.06.17,25.07.02,D-Day,진행중,https://job.alio.go.kr/recruit.do?pageNo=1&idx=287261
71,한국교통안전공단 특수검사처 기간제근로자 채용 공고(2025년 제3차 통합),한국교통안전공단,경북,경영.회계.사무,청년인턴(체험형),2025.06.17,25.07.02,D-Day,진행중,https://job.alio.go.kr/recruit.do?pageNo=1&idx=287255
72,"한국교통안전공단 김천드론자격센터 기간제근로자(청년인턴, 위촉연구원) 채용 공고(통합3차)",한국교통안전공단,경북,운전.운송,비정규직 외 1,2025.06.17,25.07.02,D-Day,진행중,https://job.alio.go.kr/recruit.do?pageNo=1&idx=287253
73,2025년 제2차 장애인 체험형 인턴 채용공고 [경기본부],한국전력공사,경기,경영.회계.사무,청년인턴(체험형),2025.06.17,25.07.02,D-Day,진행중,https://job.alio.go.kr/recruit.do?pageNo=1&idx=287248
74,한국교통안전공단 자동차안전연구원 자동차안전하자심의위원회 사무국 기간제근로자 채용 공고(2025년 제3차 통합채용),한국교통안전공단,경기,경영.회계.사무,청년인턴(체험형),2025.06.17,25.07.02,D-Day,진행중,https://job.alio.go.kr/recruit.do?pageNo=1&idx=287243
75,2025년 제3차 한국교통안전공단 인천본부 기간제근로자 채용공고(통합 3차),한국교통안전공단,"인천,경기","경영.회계.사무,기계",청년인턴(체험형),2025.06.17,25.07.02,D-Day,진행중,https://job.alio.go.kr/recruit.do?pageNo=1&idx=287240
76,2025년 제3차 한국교통안전공단 검사운영처 기간제근로자 채용 공고,한국교통안전공단,경북,경영.회계.사무,청년인턴(체험형),2025.06.17,25.07.02,D-Day,진행중,https://job.alio.go.kr/recruit.do?pageNo=1&idx=287239
77,한국교통안전공단 광주전남본부 2025년 제3차 기간제근로자 채용(통합),한국교통안전공단,"광주,전남","경영.회계.사무,기계",청년인턴(체험형),2025.06.17,25.07.02,D-Day,진행중,https://job.alio.go.kr/recruit.do?pageNo=1&idx=287238
78,한국교통안전공단 경남본부 3차 기간제근로차 통합채용 공고,한국교통안전공단,경남,경영.회계.사무,비정규직 외 1,2025.06.17,25.07.02,D-Day,진행중,https://job.alio.go.kr/recruit.do?pageNo=1&idx=287237
79,한국교통안전공단 강원본부 기간제근로자 채용 공고(2025년 제3차 통합),한국교통안전공단,강원,경영.회계.사무,청년인턴(체험형),2025.06.17,25.07.02,D-Day,진행중,https://job.alio.go.kr/recruit.do?pageNo=1&idx=287232
80,2025년 하반기 주택도시보증공사 체험형 청년인턴 채용공고,주택도시보증공사,"서울,인천,대전,부산,광주,경기,충북","경영.회계.사무,금융.보험",청년인턴(체험형),2025.06.17,25.07.01,D+2,마감,https://job.alio.go.kr/recruit.do?pageNo=1&idx=287230
81,한국교통안전공단 전북본부 3차 기간제근로차 통합채용 공고,한국교통안전공단,전북,"경영.회계.사무,경비.청소,기계",비정규직 외 1,2025.06.17,25.07.02,D-Day,진행중,https://job.alio.go.kr/recruit.do?pageNo=1&idx=287225
82,한국교통안전공단 경기남부본부 2025년 제3차 기간제근로차 통합채용 공고,한국교통안전공단,경기,"경영.회계.사무,기계",비정규직 외 1,2025.06.17,25.07.02,D-Day,진행중,https://job.alio.go.kr/recruit.do?pageNo=1&idx=287204
83,한국교통안전공단 자동차안전연구원 자율주행본부 2025년 제3차 기간제근로자 채용,한국교통안전공단,경기,"경영.회계.사무,기계",청년인턴(체험형),2025.06.17,25.07.02,D-Day,진행중,https://job.alio.go.kr/recruit.do?pageNo=1&idx=287198
84,2025년 제3차 한국교통안전공단 대구경북본부 기간제근로자 채용공고,한국교통안전공단,경북,기계,비정규직 외 1,2025.06.17,25.07.02,D-Day,진행중,https://job.alio.go.kr/recruit.do?pageNo=1&idx=287174
85,한국교통안전공단 화성드론자격센터 기간제근로자(청년인턴_사무) 채용 공고(2025년 통합3차),한국교통안전공단,경기,경영.회계.사무,청년인턴(체험형),2025.06.17,25.07.02,D-Day,진행중,https://job.alio.go.kr/recruit.do?pageNo=1&idx=287169
86,한국교통안전공단 모빌리티교통안전본부 기간제근로자 채용 공고(2025년 제3차 통합채용),한국교통안전공단,경북,"경영.회계.사무,운전.운송",비정규직 외 1,2025.06.17,25.07.02,D-Day,진행중,https://job.alio.go.kr/recruit.do?pageNo=1&idx=287159
87,한국교통안전공단 제주본부 기간제근로자 채용 공고(2025년 제3차 통합),한국교통안전공단,제주,"경영.회계.사무,경비.청소",비정규직 외 1,2025.06.17,25.07.02,D-Day,진행중,https://job.alio.go.kr/recruit.do?pageNo=1&idx=287157
88,2025년 3기 체험형 청년인턴 모집,대한무역투자진흥공사,"서울,인천,대전,대구,부산,광주,울산,경기,강원,충남,충북,경북,경남,전북",경영.회계.사무,청년인턴(체험형),2025.06.17,25.07.01,D+2,마감,https://job.alio.go.kr/recruit.do?pageNo=1&idx=287155
89,한국교통안전공단 대전세종충남본부 2025년 제3차 기간제 근로자 채용(통합3차),한국교통안전공단,"대전,충남,세종","경비.청소,기계",비정규직 외 1,2025.06.17,25.07.02,D-Day,진행중,https://job.alio.go.kr/recruit.do?pageNo=1&idx=287152
90,한국교통안전공단 자동차안전연구원 자율주행자동차사고조사위원회사무국 청년인턴 채용 공고(통합 3차),한국교통안전공단,경기,경영.회계.사무,청년인턴(체험형),2025.06.17,25.07.02,D-Day,진행중,https://job.alio.go.kr/recruit.do?pageNo=1&idx=287150
91,한국교통안전공단 울산본부 2025년 제3차 기간제 근로자 채용(통합3차),한국교통안전공단,울산,기계,청년인턴(체험형),2025.06.17,25.07.02,D-Day,진행중,https://job.alio.go.kr/recruit.do?pageNo=1&idx=287136
92,한국폴리텍대학 반도체융합캠퍼스 청년인턴(비정규직_제한_장애인) 채용 공고,학교법인한국폴리텍,경기,경영.회계.사무,청년인턴(체험형),2025.06.16,25.06.23,D+10,마감,https://job.alio.go.kr/recruit.do?pageNo=1&idx=287226
93,(수정) [에너지경제연구원] 공공기관 청년인턴(장애인제한경쟁) 채용 공고(연구기획조정본부),에너지경제연구원,울산,경영.회계.사무,청년인턴(체험형),2025.06.16,25.07.01,D+2,마감,https://job.alio.go.kr/recruit.do?pageNo=1&idx=287338
94,[한국장애인고용공단 대전직업능력개발원] 안전관리자 대체근로자(체험형 청년인턴) 채용공고,한국장애인고용공단,대전,환경.에너지.안전,청년인턴(체험형),2025.06.16,25.06.23,D+10,마감,https://job.alio.go.kr/recruit.do?pageNo=1&idx=287212
95,[정선병원] 청년(체험형)인턴 채용 공고,근로복지공단,강원,보건.의료,청년인턴(체험형),2025.06.16,25.06.26,D+7,마감,https://job.alio.go.kr/recruit.do?pageNo=1&idx=287208
96,[정선병원] 장애전형 청년(체험형)인턴 채용 공고,근로복지공단,강원,보건.의료,청년인턴(체험형),2025.06.16,25.06.26,D+7,마감,https://job.alio.go.kr/recruit.do?pageNo=1&idx=287206
97,한국교통안전공단 자동차안전연구원 결함조사본부 기간제근로자 채용 공고(2025-3),한국교통안전공단,경기,경영.회계.사무,비정규직 외 1,2025.06.16,25.07.02,D-Day,진행중,https://job.alio.go.kr/recruit.do?pageNo=1&idx=287184
98,"한국해양조사협회 2025년 제2차 직원 공개 채용 공고(체험형 청년인턴_일반, 장애, 보훈)",한국해양조사협회,서울,경영.회계.사무,청년인턴(체험형),2025.06.16,25.07.01,D+2,마감,https://job.alio.go.kr/recruit.do?pageNo=1&idx=287182
99,채용형 인턴 채용공고(주택관리공단 대전충남지사),주택관리공단(주),"대전,충남",경영.회계.사무,청년인턴(채용형),2025.06.16,25.06.23,D+10,마감,https://job.alio.go.kr/recruit.do?pageNo=1&idx=287165
100,채용형 인턴 채용공고(주택관리공단 경남지사),주택관리공단(주),경남,"건설,기계,전기.전자,환경.에너지.안전",청년인턴(채용형),2025.06.16,25.06.24,D+9,마감,https://job.alio.go.kr/recruit.do?pageNo=1&idx=287163
101,채용형 인턴 채용공고(주택관리공단 경남지사),주택관리공단(주),경남,경영.회계.사무,청년인턴(채용형),2025.06.16,25.06.24,D+9,마감,https://job.alio.go.kr/recruit.do?pageNo=1&idx=287162
102,"[KDI국제정책대학원] 2025년 제4차 인턴 채용(교육행정, 연구행정)",KDI국제정책대학원,세종,"사업관리,경영.회계.사무,교육.자연.사회과학",청년인턴(체험형),2025.06.16,25.06.30,D+3,마감,https://job.alio.go.kr/recruit.do?pageNo=1&idx=287135
103,[한국폴리텍대학 성남캠퍼스] 2025년도 체험형 청년인턴(일반) 채용 공고,학교법인한국폴리텍,경기,경영.회계.사무,청년인턴(체험형),2025.06.14,25.06.22,D+11,마감,https://job.alio.go.kr/recruit.do?pageNo=1&idx=287108
104,[중앙보훈병원] 2025년 하반기 체험형 청년인턴(장애인 제한경쟁) 채용 공고,한국보훈복지의료공단,서울,"경영.회계.사무,보건.의료,경비.청소",청년인턴(체험형),2025.06.13,25.06.23,D+10,마감,https://job.alio.go.kr/recruit.do?pageNo=1&idx=287132
105,채용형 인턴 채용공고(주택관리공단 충북지사),주택관리공단(주),충북,"건설,기계,전기.전자,환경.에너지.안전",청년인턴(채용형),2025.06.13,25.06.23,D+10,마감,https://job.alio.go.kr/recruit.do?pageNo=1&idx=287130
106,[인천병원] 청년(체험형)인턴 채용 공고,근로복지공단,인천,보건.의료,청년인턴(체험형),2025.06.13,25.06.23,D+10,마감,https://job.alio.go.kr/recruit.do?pageNo=1&idx=287104
107,[부산보훈병원] 청년인턴(체험형) 긴급공개채용,한국보훈복지의료공단,부산,"경영.회계.사무,보건.의료",청년인턴(체험형),2025.06.13,25.06.23,D+10,마감,https://job.alio.go.kr/recruit.do?pageNo=1&idx=287098
108,채용형 인턴 채용공고(주택관리공단 부산울산지사),주택관리공단(주),부산,"건설,기계,전기.전자,환경.에너지.안전",청년인턴(채용형),2025.06.12,25.06.20,D+13,마감,https://job.alio.go.kr/recruit.do?pageNo=1&idx=287085
109,채용형 인턴 채용공고(주택관리공단 부산울산지사),주택관리공단(주),울산,"건설,기계,전기.전자,환경.에너지.안전",청년인턴(채용형),2025.06.12,25.06.20,D+13,마감,https://job.alio.go.kr/recruit.do?pageNo=1&idx=287084
110,한국폴리텍대학 화성캠퍼스 청년인턴(장애인 제한경쟁) 공개채용 공고,학교법인한국폴리텍,경기,경영.회계.사무,청년인턴(체험형),2025.06.12,25.06.20,D+13,마감,https://job.alio.go.kr/recruit.do?pageNo=1&idx=287079
111,2025년 한국환경공단 국가물산업클러스터사업단 체험형 인턴(일반) 채용공고,한국환경공단,대구,환경.에너지.안전,청년인턴(체험형),2025.06.12,25.06.26,D+7,마감,https://job.alio.go.kr/recruit.do?pageNo=1&idx=287074
112,2025년 한국학중앙연구원 자료보존관리팀 청년인턴 공개채용 공고,한국학중앙연구원,경기,연구,청년인턴(체험형),2025.06.12,25.06.27,D+6,마감,https://job.alio.go.kr/recruit.do?pageNo=1&idx=287069
113,채용형 인턴 채용공고(주택관리공단 강원지사),주택관리공단(주),강원,경영.회계.사무,청년인턴(채용형),2025.06.11,25.06.18,D+15,마감,https://job.alio.go.kr/recruit.do?pageNo=1&idx=287051
114,[서울서초지사] 청년(체험형)인턴 채용 공고,근로복지공단,서울,경영.회계.사무,청년인턴(체험형),2025.06.11,25.06.18,D+15,마감,https://job.alio.go.kr/recruit.do?pageNo=1&idx=287038
115,[재활공학연구소] 장애전형 청년(체험형)인턴 채용 공고,근로복지공단,인천,보건.의료,청년인턴(체험형),2025.06.11,25.06.18,D+15,마감,https://job.alio.go.kr/recruit.do?pageNo=1&idx=287020
116,"2025년 한국폴리텍대학 항공캠퍼스 청년인턴(장애, 일반) 2차 채용 공고",학교법인한국폴리텍,경남,경영.회계.사무,청년인턴(체험형),2025.06.11,25.06.18,D+15,마감,https://job.alio.go.kr/recruit.do?pageNo=1&idx=287002
117,[한국환경연구원]2025년도 제9차 인턴직(장애인 제한경쟁) 채용공고,한국환경연구원,세종,경영.회계.사무,청년인턴(체험형),2025.06.10,25.06.25,D+8,마감,https://job.alio.go.kr/recruit.do?pageNo=1&idx=286998
118,[국립공원연구원] 공무직(연구복원) 및 기간제(연구복원) 직원 채용 공고,국립공원공단,"강원,경남",환경.에너지.안전,무기계약직 외 2,2025.06.10,25.06.17,D+16,마감,https://job.alio.go.kr/recruit.do?pageNo=1&idx=286994
119,채용형 인턴 채용공고(주택관리공단 전북지사),주택관리공단(주),전북,"건설,기계,전기.전자,환경.에너지.안전",청년인턴(채용형),2025.06.10,25.06.17,D+16,마감,https://job.alio.go.kr/recruit.do?pageNo=1&idx=286988
120,[한국환경연구원] 2025년 제8차 인턴직 채용공고,한국환경연구원,세종,경영.회계.사무,청년인턴(체험형),2025.06.10,25.06.25,D+8,마감,https://job.alio.go.kr/recruit.do?pageNo=1&idx=286986
121,2025년 학교법인 한국폴리텍 청년인턴 채용 공고,학교법인한국폴리텍,인천,경영.회계.사무,청년인턴(체험형),2025.06.10,25.06.17,D+16,마감,https://job.alio.go.kr/recruit.do?pageNo=1&idx=286957
122,[에너지경제연구원] 공공기관 청년인턴(장애인제한경쟁) 채용 재공고(에너지산업연구본부),에너지경제연구원,울산,경영.회계.사무,청년인턴(체험형),2025.06.09,25.06.20,D+13,마감,https://job.alio.go.kr/recruit.do?pageNo=1&idx=286954
123,에스알 계약직(육아휴직대체 포함) 및 체험형 인턴 채용공고,주식회사 에스알,"서울,부산,광주,경기","사업관리,경영.회계.사무,법률.경찰.소방.교도.국방,기계,정보통신",비정규직 외 1,2025.06.09,25.06.23,D+10,마감,https://job.alio.go.kr/recruit.do?pageNo=1&idx=286947
124,한국예술인복지재단 2025년 제3차 청년인턴(체험형) 채용 공고,한국예술인복지재단,서울,문화.예술.디자인.방송,청년인턴(체험형),2025.06.09,25.06.16,D+17,마감,https://job.alio.go.kr/recruit.do?pageNo=1&idx=286927
125,2025년 제2차 장애인 체험형인턴 채용공고 [강원본부],한국전력공사,강원,경영.회계.사무,청년인턴(체험형),2025.06.09,25.06.24,D+9,마감,https://job.alio.go.kr/recruit.do?pageNo=1&idx=286924
126,2025년 한국마사회 체험형 청년 인턴 채용공고(장애인),한국마사회,경기,"경영.회계.사무,문화.예술.디자인.방송,이용.숙박.여행.오락.스포츠,정보통신,농림어업",청년인턴(체험형),2025.06.09,25.06.23,D+10,마감,https://job.alio.go.kr/recruit.do?pageNo=1&idx=286912
127,"2025년 한국마사회 체험형 청년 인턴 채용공고(일반, 자립준비청년, 북한이탈주민)",한국마사회,"부산,경기,경남,제주","경영.회계.사무,문화.예술.디자인.방송,이용.숙박.여행.오락.스포츠,정보통신,농림어업",청년인턴(체험형),2025.06.09,25.06.23,D+10,마감,https://job.alio.go.kr/recruit.do?pageNo=1&idx=286911
128,2025년도 한국서부발전(주) 1차 체험형 인턴 모집공고,한국서부발전(주),"인천,대전,경기,충남,경북,전북","경영.회계.사무,건설,기계,화학,전기.전자,정보통신",청년인턴(체험형),2025.06.09,25.06.23,D+10,마감,https://job.alio.go.kr/recruit.do?pageNo=1&idx=286876
129,[광주보훈병원] 2025년 하반기 체험형 청년인턴(장애인) 공개채용,한국보훈복지의료공단,광주,"경영.회계.사무,보건.의료",청년인턴(체험형),2025.06.05,25.06.15,D+18,마감,https://job.alio.go.kr/recruit.do?pageNo=1&idx=286908
130,[광주보훈병원] 2025년 하반기 체험형 청년인턴 공개채용,한국보훈복지의료공단,광주,"경영.회계.사무,보건.의료",청년인턴(체험형),2025.06.05,25.06.15,D+18,마감,https://job.alio.go.kr/recruit.do?pageNo=1&idx=286907
131,[에너지경제연구원] 공공기관 청년인턴(장애인제한경쟁) 채용 공고(인재개발팀),에너지경제연구원,울산,경영.회계.사무,청년인턴(체험형),2025.06.05,25.06.20,D+13,마감,https://job.alio.go.kr/recruit.do?pageNo=1&idx=286901
132,"2025년도 한국환경공단 체험형 인턴(장애, 자립준비청년) 채용공고",한국환경공단,"서울,인천,대전,대구,부산,광주,경기,강원,충북,전북,제주",경영.회계.사무,청년인턴(체험형),2025.06.05,25.06.19,D+14,마감,https://job.alio.go.kr/recruit.do?pageNo=1&idx=286884
133,(재)우체국시설관리단 (본사)청년인턴(채용형) 채용 공고,(재)우체국시설관리단,서울,경영.회계.사무,청년인턴(채용형),2025.06.05,25.06.20,D+13,마감,https://job.alio.go.kr/recruit.do?pageNo=1&idx=286881
134,제주대학교병원 체험형 청년인턴(사무보조) 모집공고,제주대학교병원,제주,보건.의료,청년인턴(체험형),2025.06.05,25.06.11,D+22,마감,https://job.alio.go.kr/recruit.do?pageNo=1&idx=286861
135,[수원보훈요양원] 체험형 청년인턴 공개채용 공고,한국보훈복지의료공단,경기,경영.회계.사무,청년인턴(체험형),2025.06.05,25.06.16,D+17,마감,https://job.alio.go.kr/recruit.do?pageNo=1&idx=286846
136,한국사회보장정보원 2025년도 제2차 직원 채용공고,한국사회보장정보원,서울,"사업관리,경영.회계.사무,보건.의료,사회복지.종교,정보통신",비정규직 외 1,2025.06.05,25.06.19,D+14,마감,https://job.alio.go.kr/recruit.do?pageNo=1&idx=286739
137,[경기요양병원] 청년(체험형)인턴 채용 공고,근로복지공단,경기,보건.의료,청년인턴(체험형),2025.06.04,25.06.11,D+22,마감,https://job.alio.go.kr/recruit.do?pageNo=1&idx=286775
138,[경기요양병원] 장애전형 청년(체험형)인턴 채용 공고,근로복지공단,경기,보건.의료,청년인턴(체험형),2025.06.04,25.06.11,D+22,마감,https://job.alio.go.kr/recruit.do?pageNo=1&idx=286774
139,[순천병원] 청년(체험형)인턴 채용 공고,근로복지공단,"광주,전남",보건.의료,청년인턴(체험형),2025.06.04,25.06.11,D+22,마감,https://job.alio.go.kr/recruit.do?pageNo=1&idx=286764
140,한국폴리텍대학 춘천캠퍼스 청년인턴(장애_제한경쟁) 채용 재공고(3차),학교법인한국폴리텍,강원,경영.회계.사무,청년인턴(체험형),2025.06.04,25.06.16,D+17,마감,https://job.alio.go.kr/recruit.do?pageNo=1&idx=286751
141,(수정) 2025년 6월 전남대학교병원 청년인턴 채용 공고,전남대학교병원,광주,보건.의료,청년인턴(체험형),2025.06.02,25.06.16,D+17,마감,https://job.alio.go.kr/recruit.do?pageNo=1&idx=286769
142,대한건설기계안전관리원 제2025-01호 채용 공고,재단법인 대한건설기계안전관리원,"서울,인천,대전,광주,울산,강원,경남,전북","경영.회계.사무,기계,연구",비정규직 외 1,2025.06.02,25.06.17,D+16,마감,https://job.alio.go.kr/recruit.do?pageNo=1&idx=286733
143,"(수정) [제2025-12호] 육아정책연구소 계약직행정원(대체근무자), 청년인턴(보훈제한경쟁) 채용",육아정책연구소,서울,경영.회계.사무,비정규직 외 1,2025.06.02,25.06.25,D+8,마감,https://job.alio.go.kr/recruit.do?pageNo=1&idx=287023
144,한국보건사회연구원 청년인턴(장애인 제한경쟁) 채용 공고,한국보건사회연구원,세종,경영.회계.사무,청년인턴(체험형),2025.06.02,25.06.16,D+17,마감,https://job.alio.go.kr/recruit.do?pageNo=1&idx=286712
145,"[전주보훈요양원] 요양보호직(25-4차), 사회복지직(간호사_계약직), 청년인턴(행정지원) 공개채용",한국보훈복지의료공단,전북,사회복지.종교,비정규직 외 2,2025.06.02,25.06.17,D+16,마감,https://job.alio.go.kr/recruit.do?pageNo=1&idx=286704
146,[한국조세재정연구원] 2025년도 제3차 체험형 청년인턴 신규채용 (공동채용),한국조세재정연구원,"서울,세종","사업관리,경영.회계.사무,연구",청년인턴(체험형),2025.06.02,25.06.16,D+17,마감,https://job.alio.go.kr/recruit.do?pageNo=1&idx=286694
147,2025년도 장서각 왕실문헌연구실 청년인턴 공개 채용 공고,한국학중앙연구원,경기,"사업관리,경영.회계.사무,연구",청년인턴(체험형),2025.06.02,25.06.20,D+13,마감,https://job.alio.go.kr/recruit.do?pageNo=1&idx=286689
148,[KDI국제정책대학원] 인턴채용 (교육행정),KDI국제정책대학원,세종,"사업관리,경영.회계.사무,교육.자연.사회과학",청년인턴(체험형),2025.06.02,25.06.16,D+17,마감,https://job.alio.go.kr/recruit.do?pageNo=1&idx=286678
149,2025년 한국인터넷진흥원 체험형 청년인턴 및 시니어 인턴 채용 공고,한국인터넷진흥원,"서울,전남","사업관리,경영.회계.사무,정보통신,환경.에너지.안전",비정규직 외 1,2025.06.02,25.06.17,D+16,마감,https://job.alio.go.kr/recruit.do?pageNo=1&idx=286630
150,"2025년 제2차 한국원자력통제기술원 비정규직(인턴, 기간제 계약직) 채용",한국원자력통제기술원,대전,"사업관리,경영.회계.사무,교육.자연.사회과학,기계,재료,화학,전기.전자,정보통신,환경.에너지.안전,연구",비정규직 외 1,2025.05.30,25.06.13,D+20,마감,https://job.alio.go.kr/recruit.do?pageNo=1&idx=286672
151,"2025년 2차 항공안전기술원 직원 채용 공고(기간제근로자, 체험형 청년인턴)",항공안전기술원,"서울,인천,경기,강원,세종","사업관리,경영.회계.사무,운전.운송,기계,정보통신",비정규직 외 1,2025.05.30,25.06.15,D+18,마감,https://job.alio.go.kr/recruit.do?pageNo=1&idx=286671
152,"[인천보훈병원] 2025-8차 직원 공개채용(약사, 임상병리사, 업무지원직(급식), 청년인턴)",한국보훈복지의료공단,인천,보건.의료,무기계약직 외 3,2025.05.30,25.06.10,D+23,마감,https://job.alio.go.kr/recruit.do?pageNo=1&idx=286654
153,[정선병원] 청년(체험형)인턴 채용 공고,근로복지공단,강원,보건.의료,청년인턴(체험형),2025.05.30,25.06.09,D+24,마감,https://job.alio.go.kr/recruit.do?pageNo=1&idx=286652
154,[정선병원] 장애전형 청년(체험형)인턴 채용 공고,근로복지공단,강원,보건.의료,청년인턴(체험형),2025.05.30,25.06.09,D+24,마감,https://job.alio.go.kr/recruit.do?pageNo=1&idx=286651
155,[대전병원] 청년(체험형)인턴 채용 공고,근로복지공단,대전,보건.의료,청년인턴(체험형),2025.05.30,25.06.09,D+24,마감,https://job.alio.go.kr/recruit.do?pageNo=1&idx=286646
156,[대전병원] 장애전형 청년(체험형)인턴 채용 공고,근로복지공단,대전,보건.의료,청년인턴(체험형),2025.05.30,25.06.09,D+24,마감,https://job.alio.go.kr/recruit.do?pageNo=1&idx=286644
157,[태백요양병원] 장애전형 청년(체험형)인턴 채용 공고,근로복지공단,강원,보건.의료,청년인턴(체험형),2025.05.30,25.06.09,D+24,마감,https://job.alio.go.kr/recruit.do?pageNo=1&idx=286633
158,[태백요양병원] 청년(체험형)인턴 채용 공고,근로복지공단,강원,보건.의료,청년인턴(체험형),2025.05.30,25.06.09,D+24,마감,https://job.alio.go.kr/recruit.do?pageNo=1&idx=286632
159,2025년 한국지역난방공사 신입직원 채용 공고,한국지역난방공사,"서울,대구,경기,충북,경남,전남,세종","사업관리,경영.회계.사무,건설,기계,화학,전기.전자,정보통신,환경.에너지.안전",청년인턴(채용형) 외 1,2025.05.30,25.06.14,D+19,마감,https://job.alio.go.kr/recruit.do?pageNo=1&idx=286621
160,한국건강가정진흥원 2025년도 제2차 직원 채용 공고,한국건강가정진흥원,서울,"사업관리,경영.회계.사무,사회복지.종교,정보통신",무기계약직 외 3,2025.05.30,25.06.11,D+22,마감,https://job.alio.go.kr/recruit.do?pageNo=1&idx=286587
161,"[대구보훈병원]정규직 업무지원직(급식,청소,완화의료), 계약직 업무지원직(급식), 청년인턴(일반/장애) 공개채용",한국보훈복지의료공단,대구,보건.의료,무기계약직 외 3,2025.05.29,25.06.11,D+22,마감,https://job.alio.go.kr/recruit.do?pageNo=1&idx=286601
162,2025년 상반기 해양환경공단 채용형 청년인턴(일반직) 채용공고,해양환경공단,"서울,인천,부산,울산,강원,충남,경남,전남,전북,제주","사업관리,경영.회계.사무,교육.자연.사회과학,화학,정보통신,환경.에너지.안전",청년인턴(채용형) 외 1,2025.05.29,25.06.13,D+20,마감,https://job.alio.go.kr/recruit.do?pageNo=1&idx=286597
163,(수정) (주)강원랜드 2025년 하계 성수기 1차 기간제 근로자 모집 공고,(주)강원랜드,"서울,강원","경영.회계.사무,보건.의료,이용.숙박.여행.오락.스포츠,음식서비스",비정규직 외 1,2025.05.29,25.06.12,D+21,마감,https://job.alio.go.kr/recruit.do?pageNo=1&idx=287458
164,(수정) 2025년도 국토안전관리원 제1차 직무 중심 직원 채용 공고,국토안전관리원,"광주,경기,강원,충북,경북,경남,전남,전북","사업관리,경영.회계.사무,교육.자연.사회과학,문화.예술.디자인.방송,건설,기계,전기.전자,정보통신,환경.에너지.안전,연구",청년인턴(채용형) 외 1,2025.05.29,25.06.12,D+21,마감,https://job.alio.go.kr/recruit.do?pageNo=1&idx=287696
165,(수정) [대전보훈요양원] 2025년 체험형 청년인턴(장애인) 제한경쟁 공개채용,한국보훈복지의료공단,대전,사회복지.종교,청년인턴(체험형),2025.05.29,25.06.15,D+18,마감,https://job.alio.go.kr/recruit.do?pageNo=1&idx=286622
166,2025년 상반기 한국장애인고용공단 직원 채용,한국장애인고용공단,"서울,인천,대전,대구,부산,광주,울산,경기,강원,충남,충북,경북,경남,전남,전북,제주,세종","경영.회계.사무,교육.자연.사회과학,보건.의료,사회복지.종교,전기.전자,정보통신,환경.에너지.안전,연구",무기계약직 외 2,2025.05.29,25.06.13,D+20,마감,https://job.alio.go.kr/recruit.do?pageNo=1&idx=286581
167,2025년도 제1차 청년인턴(체험형) 채용 공고,한국교육개발원,충북,경영.회계.사무,청년인턴(체험형),2025.05.29,25.06.13,D+20,마감,https://job.alio.go.kr/recruit.do?pageNo=1&idx=286578
168,"한국형사·법무정책연구원 2025년도 제13차 채용공고[청년인턴, 취업지원대상자 제한경쟁]",한국형사·법무정책연구원,서울,경영.회계.사무,청년인턴(체험형),2025.05.29,25.06.13,D+20,마감,https://job.alio.go.kr/recruit.do?pageNo=1&idx=286548
169,2025년 2차 장애인 체험형인턴 채용공고[충북본부],한국전력공사,충북,경영.회계.사무,청년인턴(체험형),2025.05.29,25.06.13,D+20,마감,https://job.alio.go.kr/recruit.do?pageNo=1&idx=286544
170,한국폴리텍대학 인재원 청년인턴(일반) 재공고(3차),학교법인한국폴리텍,전북,경영.회계.사무,청년인턴(체험형),2025.05.29,25.06.08,D+25,마감,https://job.alio.go.kr/recruit.do?pageNo=1&idx=286479
171,한국해양진흥공사 체험형 인턴 채용,한국해양진흥공사,"서울,부산","경영.회계.사무,금융.보험",비정규직 외 1,2025.05.29,25.06.12,D+21,마감,https://job.alio.go.kr/recruit.do?pageNo=1&idx=286477
172,2025-4호 한국청소년상담복지개발원 직원 모집,한국청소년상담복지개발원,부산,"사업관리,교육.자연.사회과학,사회복지.종교",비정규직 외 1,2025.05.28,25.06.12,D+21,마감,https://job.alio.go.kr/recruit.do?pageNo=1&idx=286489
173,채용형 인턴 채용공고(주택관리공단 대구경북지사),주택관리공단(주),"대구,경북","건설,기계,전기.전자,환경.에너지.안전",청년인턴(채용형),2025.05.28,25.06.04,D+29,마감,https://job.alio.go.kr/recruit.do?pageNo=1&idx=286487
174,국토연구원 2025년 제4차 청년인턴 공개채용(제한경쟁),국토연구원,세종,경영.회계.사무,청년인턴(체험형),2025.05.28,25.06.11,D+22,마감,https://job.alio.go.kr/recruit.do?pageNo=1&idx=286462
175,채용형 인턴 채용공고(주택관리공단 강원지사),주택관리공단(주),강원,"건설,기계,전기.전자,환경.에너지.안전",청년인턴(채용형),2025.05.27,25.06.03,D+30,마감,https://job.alio.go.kr/recruit.do?pageNo=1&idx=286436
176,채용형 인턴 채용공고(주택관리공단 서울지사),주택관리공단(주),서울,"건설,기계,전기.전자,환경.에너지.안전",청년인턴(채용형),2025.05.27,25.06.03,D+30,마감,https://job.alio.go.kr/recruit.do?pageNo=1&idx=286432
177,채용형 인턴 채용공고(주택관리공단 부산울산지사),주택관리공단(주),"부산,울산","건설,기계,전기.전자,환경.에너지.안전",청년인턴(채용형),2025.05.27,25.06.03,D+30,마감,https://job.alio.go.kr/recruit.do?pageNo=1&idx=286429
178,"한국승강기안전공단 2025년 체험형 청년인턴(장애인,국가유공자) 채용 공고",한국승강기안전공단,"서울,인천,대전,대구,부산,광주,울산,경기,강원,충남,충북,경북,경남,전남,전북,제주,세종",경영.회계.사무,청년인턴(체험형),2025.05.27,25.06.13,D+20,마감,https://job.alio.go.kr/recruit.do?pageNo=1&idx=286422
179,2025년 제2차 한국원산지정보원 직원 채용 공고,한국원산지정보원,"서울,인천,부산,경기","경영.회계.사무,교육.자연.사회과학,정보통신,연구",비정규직 외 2,2025.05.26,25.06.11,D+22,마감,https://job.alio.go.kr/recruit.do?pageNo=1&idx=286375
180,2025년 소상공인시장진흥공단 청년인턴(2차) 및 휴직대체 기간제근로자(계약직 5급) 채용 공고,소상공인시장진흥공단,"대전,강원,충남","사업관리,경영.회계.사무",비정규직 외 1,2025.05.26,25.06.09,D+24,마감,https://job.alio.go.kr/recruit.do?pageNo=1&idx=286372
181,[인천병원] 청년(체험형)인턴 채용 공고,근로복지공단,인천,보건.의료,청년인턴(체험형),2025.05.23,25.05.30,D+34,마감,https://job.alio.go.kr/recruit.do?pageNo=1&idx=286320
182,[인천병원] 장애전형 청년(체험형)인턴 채용 공고,근로복지공단,인천,보건.의료,청년인턴(체험형),2025.05.23,25.05.30,D+34,마감,https://job.alio.go.kr/recruit.do?pageNo=1&idx=286319
183,[한국장애인고용공단 부산지역본부] 대체근로자(체험형 청년인턴) 채용 공고,한국장애인고용공단,부산,"경영.회계.사무,사회복지.종교",비정규직 외 1,2025.05.22,25.05.29,D+35,마감,https://job.alio.go.kr/recruit.do?pageNo=1&idx=286285
184,[한국장애인고용공단 경기서부지사] 육아휴직대체 기간제 근로자(체험형 청년인턴) 채용 공고,한국장애인고용공단,경기,사회복지.종교,청년인턴(체험형),2025.05.22,25.06.02,D+31,마감,https://job.alio.go.kr/recruit.do?pageNo=1&idx=286278
185,2025년도 장애인기업종합지원센터 체험형 청년인턴 채용 공고,재단법인 장애인기업종합지원센터,서울,"사업관리,경영.회계.사무",청년인턴(체험형),2025.05.22,25.06.05,D+28,마감,https://job.alio.go.kr/recruit.do?pageNo=1&idx=286262
186,한국폴리텍대학 아산캠퍼스 행정지원직[청년인턴(장애)] 채용 재공고(4차),학교법인한국폴리텍,충남,경영.회계.사무,청년인턴(체험형),2025.05.22,25.05.30,D+34,마감,https://job.alio.go.kr/recruit.do?pageNo=1&idx=286256
187,대한법률구조공단 전주지부 청년인턴 공개경쟁 채용시험 공고,대한법률구조공단,전북,"경영.회계.사무,법률.경찰.소방.교도.국방",청년인턴(체험형),2025.05.22,25.06.06,D+27,마감,https://job.alio.go.kr/recruit.do?pageNo=1&idx=286225
188,[제2025-33호]2025년도 제2차 한국장애인개발원 청년인턴(장애인 제한) 채용 공고,한국장애인개발원,서울,"사업관리,경영.회계.사무,사회복지.종교,문화.예술.디자인.방송",청년인턴(체험형),2025.05.22,25.06.05,D+28,마감,https://job.alio.go.kr/recruit.do?pageNo=1&idx=286193
189,2025년 한국여성인권진흥원 제2차 채용 공고,한국여성인권진흥원,서울,"사업관리,경영.회계.사무,교육.자연.사회과학,사회복지.종교,운전.운송",무기계약직 외 3,2025.05.21,25.06.04,D+29,마감,https://job.alio.go.kr/recruit.do?pageNo=1&idx=286238
190,[부천지사] 청년(체험형)인턴 채용 공고,근로복지공단,경기,경영.회계.사무,청년인턴(체험형),2025.05.21,25.05.30,D+34,마감,https://job.alio.go.kr/recruit.do?pageNo=1&idx=286222
191,대구경북혈액원 비정규직(초단시간) 간호사 채용 공고_헌혈의집 구미센터,대한적십자사,경북,보건.의료,청년인턴(채용형),2025.05.21,25.06.05,D+28,마감,https://job.alio.go.kr/recruit.do?pageNo=1&idx=286220
192,"한국영상자료원 제2차 정규직(일반직) 2인, 정규직(공무직) 1인, 채용형청년인턴 2인, 기간제계약직 1인 공개경쟁 채용 공고",한국영상자료원,서울,"경영.회계.사무,정보통신",무기계약직 외 3,2025.05.21,25.06.05,D+28,마감,https://job.alio.go.kr/recruit.do?pageNo=1&idx=286214
193,채용형 인턴 채용공고(주택관리공단 부산울산지사),주택관리공단(주),부산,"건설,기계,전기.전자,환경.에너지.안전",청년인턴(채용형),2025.05.21,25.05.28,D+36,마감,https://job.alio.go.kr/recruit.do?pageNo=1&idx=286212
194,[한국장애인고용공단 서울동부지사] 일반직 대체근로자(체험형 청년인턴) 채용 공고,한국장애인고용공단,서울,"경영.회계.사무,사회복지.종교",비정규직 외 1,2025.05.21,25.05.28,D+36,마감,https://job.alio.go.kr/recruit.do?pageNo=1&idx=286207
195,한국의료분쟁조정중재원 2025년 청년인턴 모집공고,한국의료분쟁조정중재원,서울,"사업관리,경영.회계.사무,법률.경찰.소방.교도.국방,보건.의료",청년인턴(체험형),2025.05.21,25.06.04,D+29,마감,https://job.alio.go.kr/recruit.do?pageNo=1&idx=286198
196,"(수정) 2025년도 체험형 청년인턴(일반, 장애) 채용 공고",농림식품기술기획평가원,전남,"사업관리,경영.회계.사무",청년인턴(체험형),2025.05.21,25.06.04,D+29,마감,https://job.alio.go.kr/recruit.do?pageNo=1&idx=287689
197,2025년도 1차 청년인턴(보훈제한경쟁) 채용,한국항공우주연구원,대전,"사업관리,경영.회계.사무",비정규직 외 1,2025.05.21,25.06.04,D+29,마감,https://job.alio.go.kr/recruit.do?pageNo=1&idx=286181
198,2025년도 1차 장애인 인턴 채용,한국항공우주연구원,대전,경영.회계.사무,비정규직 외 1,2025.05.21,25.06.04,D+29,마감,https://job.alio.go.kr/recruit.do?pageNo=1&idx=286180
199,한국원자력안전기술원 2025년 3차 청년인턴(장애인턴) 공개채용 공고,한국원자력안전기술원,대전,경영.회계.사무,청년인턴(체험형),2025.05.21,25.06.05,D+28,마감,https://job.alio.go.kr/recruit.do?pageNo=1&idx=286107
200,한국원자력안전기술원 2025년 3차 청년인턴 공개채용 공고,한국원자력안전기술원,대전,"경영.회계.사무,환경.에너지.안전",청년인턴(체험형),2025.05.21,25.06.05,D+28,마감,https://job.alio.go.kr/recruit.do?pageNo=1&idx=286106
201,2025년 세종학당재단 하반기 체험형 청년인턴 채용 공고,세종학당재단,서울,경영.회계.사무,청년인턴(체험형),2025.05.20,25.06.04,D+29,마감,https://job.alio.go.kr/recruit.do?pageNo=1&idx=286152
202,채용형 인턴 채용공고(주택관리공단 대구경북지사),주택관리공단(주),"대구,경북","건설,기계,전기.전자,환경.에너지.안전",청년인턴(채용형),2025.05.20,25.05.27,D+37,마감,https://job.alio.go.kr/recruit.do?pageNo=1&idx=286146
203,[대구병원] 장애전형 청년(체험형)인턴 채용 공고,근로복지공단,대구,보건.의료,청년인턴(체험형),2025.05.20,25.05.27,D+37,마감,https://job.alio.go.kr/recruit.do?pageNo=1&idx=286134
204,[제25-03-0-6호] 한국해양과학기술원 2025년 하반기 체험형인턴 공개채용 공고,한국해양과학기술원,"부산,경북",연구,청년인턴(체험형),2025.05.20,25.06.04,D+29,마감,https://job.alio.go.kr/recruit.do?pageNo=1&idx=286115
205,한국언론진흥재단 2025년 2차 체험형 청년인턴 채용 공고,한국언론진흥재단,서울,"사업관리,경영.회계.사무,교육.자연.사회과학,문화.예술.디자인.방송",청년인턴(체험형),2025.05.20,25.06.03,D+30,마감,https://job.alio.go.kr/recruit.do?pageNo=1&idx=286042
206,2025년 한국폴리텍대학 영주캠퍼스 체험형 청년인턴(장애인 제한경쟁) 채용,학교법인한국폴리텍,경북,경영.회계.사무,청년인턴(체험형),2025.05.19,25.05.30,D+34,마감,https://job.alio.go.kr/recruit.do?pageNo=1&idx=286104
207,2025년 하반기 사회형평 체험형 인턴(자립준비청년) 채용공고,한국수자원공사,"대전,대구,광주,경기,전북","사업관리,경영.회계.사무,법률.경찰.소방.교도.국방,건설,기계,화학,전기.전자,정보통신,환경.에너지.안전",청년인턴(체험형),2025.05.19,25.06.02,D+31,마감,https://job.alio.go.kr/recruit.do?pageNo=1&idx=286082
208,2025년 하반기 체험형 인턴 채용공고,한국수자원공사,"인천,대전,대구,부산,광주,울산,경기,강원,충남,충북,경북,경남,전남,전북,제주","사업관리,경영.회계.사무,법률.경찰.소방.교도.국방,건설,기계,화학,전기.전자,정보통신,환경.에너지.안전",청년인턴(체험형),2025.05.19,25.06.02,D+31,마감,https://job.alio.go.kr/recruit.do?pageNo=1&idx=286081
209,대한법률구조공단 남양주출장소 청년인턴 공개경쟁 채용시험 공고,대한법률구조공단,경기,"경영.회계.사무,법률.경찰.소방.교도.국방",청년인턴(체험형),2025.05.19,25.06.03,D+30,마감,https://job.alio.go.kr/recruit.do?pageNo=1&idx=286062
210,2025년도 제2차 장애인 체험형 인턴 채용공고[부산울산본부],한국전력공사,"부산,울산,경남",경영.회계.사무,청년인턴(체험형),2025.05.19,25.06.02,D+31,마감,https://job.alio.go.kr/recruit.do?pageNo=1&idx=286059
211,채용형 인턴 채용공고(주택관리공단 부산울산지사),주택관리공단(주),부산,"건설,기계,전기.전자,환경.에너지.안전",청년인턴(채용형),2025.05.19,25.06.03,D+30,마감,https://job.alio.go.kr/recruit.do?pageNo=1&idx=286054
212,채용형 인턴 채용공고(주택관리공단 충북지사),주택관리공단(주),충북,경영.회계.사무,청년인턴(채용형),2025.05.19,25.05.27,D+37,마감,https://job.alio.go.kr/recruit.do?pageNo=1&idx=286053
213,"[대전보훈병원] 정규직 및 계약직 직원 공개채용 (약사, 업무지원직(고객지원), 기능직(시설), 청년인턴(일반, 장애인))",한국보훈복지의료공단,대전,보건.의료,비정규직 외 2,2025.05.19,25.06.02,D+31,마감,https://job.alio.go.kr/recruit.do?pageNo=1&idx=286035
214,국립낙동강생물자원관 2025년 제2차 기간제근로자(청년인턴 등) 채용 공고,국립낙동강생물자원관,경북,"경비.청소,건설,연구",비정규직 외 1,2025.05.19,25.06.02,D+31,마감,https://job.alio.go.kr/recruit.do?pageNo=1&idx=286021
215,제2025-2차 직원 및 청년인턴 채용 공고(채용공고 제2025-02호),국가생명윤리정책원,서울,"사업관리,경영.회계.사무,교육.자연.사회과학,보건.의료,정보통신,연구",비정규직 외 2,2025.05.19,25.06.03,D+30,마감,https://job.alio.go.kr/recruit.do?pageNo=1&idx=286019
216,한국폴리텍대학 인재원 청년인턴(일반) 채용 재공고(2차),학교법인한국폴리텍,전북,경영.회계.사무,청년인턴(체험형),2025.05.17,25.05.22,D+42,마감,https://job.alio.go.kr/recruit.do?pageNo=1&idx=286013
217,한국저작권보호원 2025년 상반기 직원 채용 공고,한국저작권보호원,"서울,대구,부산,광주,세종","경영.회계.사무,문화.예술.디자인.방송,정보통신",청년인턴(채용형),2025.05.16,25.06.02,D+31,마감,https://job.alio.go.kr/recruit.do?pageNo=1&idx=286034
218,"2025년 제1차 한국관광공사 체험형 청년인턴(일반, 장애인) 채용 공고",한국관광공사,"서울,강원,제주",경영.회계.사무,청년인턴(체험형),2025.05.16,25.06.02,D+31,마감,https://job.alio.go.kr/recruit.do?pageNo=1&idx=286029
219,(수정) 2025년 제5차 청년인턴 채용공고,산업연구원,세종,경영.회계.사무,청년인턴(체험형),2025.05.16,25.05.30,D+34,마감,https://job.alio.go.kr/recruit.do?pageNo=1&idx=287507
220,대한법률구조공단 제주지부 청년인턴 공개경쟁 채용시험 공고,대한법률구조공단,제주,"경영.회계.사무,법률.경찰.소방.교도.국방",청년인턴(체험형),2025.05.16,25.05.31,D+33,마감,https://job.alio.go.kr/recruit.do?pageNo=1&idx=286010
221,대한법률구조공단 목포출장소 청년인턴 공개경쟁 채용시험 공고,대한법률구조공단,전남,"경영.회계.사무,법률.경찰.소방.교도.국방",청년인턴(체험형),2025.05.16,25.06.01,D+32,마감,https://job.alio.go.kr/recruit.do?pageNo=1&idx=286008
222,(수정) 2025년 1차 건설기술교육원 체험형 청년인턴 채용공고,재단법인 건설기술교육원,"서울,인천","경영.회계.사무,교육.자연.사회과학",청년인턴(체험형),2025.05.16,25.05.30,D+34,마감,https://job.alio.go.kr/recruit.do?pageNo=1&idx=287004
223,[에너지경제연구원] 공공기관 청년인턴(장애인제한경쟁) 채용 재공고(에너지산업연구본부),에너지경제연구원,울산,경영.회계.사무,청년인턴(체험형),2025.05.15,25.05.26,D+38,마감,https://job.alio.go.kr/recruit.do?pageNo=1&idx=285993
224,[한국환경연구원] 2025년 제7차 인턴직 채용공고,한국환경연구원,세종,경영.회계.사무,청년인턴(체험형),2025.05.15,25.05.30,D+34,마감,https://job.alio.go.kr/recruit.do?pageNo=1&idx=285984
225,[동해병원] 장애전형 청년(체험형)인턴 채용 공고,근로복지공단,강원,보건.의료,청년인턴(체험형),2025.05.15,25.05.22,D+42,마감,https://job.alio.go.kr/recruit.do?pageNo=1&idx=285971
226,(수정) [동해병원] 청년(체험형)인턴 채용 공고,근로복지공단,강원,보건.의료,청년인턴(체험형),2025.05.15,25.05.22,D+42,마감,https://job.alio.go.kr/recruit.do?pageNo=1&idx=287096
227,채용형 인턴 채용공고(주택관리공단 강원지사),주택관리공단(주),강원,경영.회계.사무,청년인턴(채용형),2025.05.15,25.05.22,D+42,마감,https://job.alio.go.kr/recruit.do?pageNo=1&idx=285953
228,2025년 현장 실무형 청년인턴 채용 공고,(주)한국가스기술공사,"서울,인천,대전,대구,부산,광주,울산,경기,강원,충남,충북,경북,경남,전남,전북,제주,세종","건설,기계,전기.전자,환경.에너지.안전",청년인턴(체험형),2025.05.15,25.05.29,D+35,마감,https://job.alio.go.kr/recruit.do?pageNo=1&idx=285921
229,"한국폴리텍대학 항공캠퍼스 청년인턴(장애, 일반) 채용 공고",학교법인한국폴리텍,경남,경영.회계.사무,청년인턴(체험형),2025.05.14,25.05.22,D+42,마감,https://job.alio.go.kr/recruit.do?pageNo=1&idx=285933
230,인천국제공항공사 2025년 체험형 인턴 채용 공고,인천국제공항공사,인천,"경영.회계.사무,법률.경찰.소방.교도.국방,운전.운송,건설,기계,전기.전자,정보통신,환경.에너지.안전",청년인턴(체험형),2025.05.14,25.05.28,D+36,마감,https://job.alio.go.kr/recruit.do?pageNo=1&idx=285931
231,2025년 제2차 인재채용(NCS기반 능력중심 블라인드 채용) 공고,국토교통과학기술진흥원,경기,"사업관리,연구",비정규직 외 1,2025.05.14,25.05.29,D+35,마감,https://job.alio.go.kr/recruit.do?pageNo=1&idx=285920
232,2025년도 청년인턴(체험형) 채용 안내,신용보증재단중앙회,세종,"경영.회계.사무,금융.보험",청년인턴(체험형),2025.05.14,25.05.30,D+34,마감,https://job.alio.go.kr/recruit.do?pageNo=1&idx=285919
233,2025년도 한국환경산업기술원 체험형 청년인턴 채용 공고,한국환경산업기술원,"서울,인천","경영.회계.사무,보건.의료,정보통신,환경.에너지.안전",청년인턴(체험형),2025.05.14,25.05.28,D+36,마감,https://job.alio.go.kr/recruit.do?pageNo=1&idx=285912
234,2025년 한국통계정보원 제2차 청년인턴(체험형) 제한경쟁 채용 공고,(재)한국통계정보원,대전,경영.회계.사무,청년인턴(체험형),2025.05.14,25.05.27,D+37,마감,https://job.alio.go.kr/recruit.do?pageNo=1&idx=285908
235,[태백병원] 장애전형 청년(체험형)인턴 채용 공고,근로복지공단,강원,보건.의료,청년인턴(체험형),2025.05.14,25.05.21,D+43,마감,https://job.alio.go.kr/recruit.do?pageNo=1&idx=285907
236,[태백병원] 청년(체험형)인턴 채용 공고,근로복지공단,강원,보건.의료,청년인턴(체험형),2025.05.14,25.05.21,D+43,마감,https://job.alio.go.kr/recruit.do?pageNo=1&idx=285906
237,[재활공학연구소] 장애전형 청년(체험형)인턴 채용 공고,근로복지공단,인천,보건.의료,청년인턴(체험형),2025.05.14,25.05.21,D+43,마감,https://job.alio.go.kr/recruit.do?pageNo=1&idx=285904
238,2025년 상반기 기간제근로자 및 체험형청년인턴 채용,제주국제자유도시개발센터,제주,경영.회계.사무,비정규직 외 1,2025.05.14,25.05.29,D+35,마감,https://job.alio.go.kr/recruit.do?pageNo=1&idx=285897
239,"2025년 상반기 장애인 체험형 인턴 채용공고 [김포지사, 시흥지사]",한국전력공사,경기,경영.회계.사무,청년인턴(체험형),2025.05.14,25.05.28,D+36,마감,https://job.alio.go.kr/recruit.do?pageNo=1&idx=285894
240,한국폴리텍대학 석유화학공정기술교육원 청년인턴(일반) 채용 공고,학교법인한국폴리텍,울산,경영.회계.사무,청년인턴(체험형),2025.05.14,25.05.21,D+43,마감,https://job.alio.go.kr/recruit.do?pageNo=1&idx=285874
241,한국원자력환경공단 2025년도 청년인턴 채용,한국원자력환경공단,경북,경영.회계.사무,청년인턴(체험형),2025.05.14,25.05.29,D+35,마감,https://job.alio.go.kr/recruit.do?pageNo=1&idx=285816
242,2025년 한국폴리텍대학 포항캠퍼스 청년인턴(장애) 채용 3차공고,학교법인한국폴리텍,경북,경영.회계.사무,청년인턴(체험형),2025.05.14,25.05.21,D+43,마감,https://job.alio.go.kr/recruit.do?pageNo=1&idx=285781
243,채용형 인턴 채용공고(주택관리공단 제주지사),주택관리공단(주),제주,"건설,기계,전기.전자,환경.에너지.안전",청년인턴(채용형),2025.05.13,25.05.20,D+44,마감,https://job.alio.go.kr/recruit.do?pageNo=1&idx=285869
244,채용형 인턴 채용공고(주택관리공단 대구경북지사),주택관리공단(주),"대구,경북","건설,기계,전기.전자,환경.에너지.안전",청년인턴(채용형),2025.05.13,25.05.23,D+41,마감,https://job.alio.go.kr/recruit.do?pageNo=1&idx=285868
245,한국해양수산연수원 2025년도 제2차 계약직 직원 채용 공고,한국해양수산연수원,"인천,부산","경영.회계.사무,교육.자연.사회과학,경비.청소,연구",비정규직 외 1,2025.05.13,25.05.27,D+37,마감,https://job.alio.go.kr/recruit.do?pageNo=1&idx=285863
246,[창원병원] 장애전형 청년(체험형)인턴 채용 공고,근로복지공단,경남,보건.의료,청년인턴(체험형),2025.05.13,25.05.20,D+44,마감,https://job.alio.go.kr/recruit.do?pageNo=1&idx=285854
247,[창원병원] 청년(체험형)인턴 채용 공고,근로복지공단,경남,보건.의료,청년인턴(체험형),2025.05.13,25.05.20,D+44,마감,https://job.alio.go.kr/recruit.do?pageNo=1&idx=285853
248,2025년 청년인턴(체험형) 공개채용 공고,극지연구소,인천,"문화.예술.디자인.방송,연구",청년인턴(체험형),2025.05.13,25.05.28,D+36,마감,https://job.alio.go.kr/recruit.do?pageNo=1&idx=285822
249,농업정책보험금융원 신규직원 채용 공고,농업정책보험금융원,서울,"경영.회계.사무,금융.보험",비정규직 외 2,2025.05.12,25.05.27,D+37,마감,https://job.alio.go.kr/recruit.do?pageNo=1&idx=285824
250,국토연구원 2025년 제3차 청년인턴 공개채용(제한경쟁),국토연구원,세종,경영.회계.사무,청년인턴(체험형),2025.05.12,25.05.26,D+38,마감,https://job.alio.go.kr/recruit.do?pageNo=1&idx=285823
251,(수정) 코레일로지스(주) 2025년 제2차 직원 채용,코레일로지스(주),"서울,부산,광주,경기,강원,전남,전북","경영.회계.사무,운전.운송,환경.에너지.안전",비정규직 외 2,2025.05.12,25.05.26,D+38,마감,https://job.alio.go.kr/recruit.do?pageNo=1&idx=285857
252,(수정) 체험형 인턴 채용공고(주택관리공단 경기북부지사),주택관리공단(주),경기,"건설,기계,전기.전자,환경.에너지.안전",청년인턴(체험형),2025.05.12,25.05.27,D+37,마감,https://job.alio.go.kr/recruit.do?pageNo=1&idx=287260
253,체험형 인턴 채용공고(주택관리공단 경기북부지사),주택관리공단(주),경기,"건설,기계,전기.전자,환경.에너지.안전",청년인턴(체험형),2025.05.12,25.05.27,D+37,마감,https://job.alio.go.kr/recruit.do?pageNo=1&idx=285812
254,체험형 인턴 채용공고(주택관리공단 제주지사),주택관리공단(주),제주,"건설,기계,전기.전자,환경.에너지.안전",청년인턴(체험형),2025.05.12,25.05.27,D+37,마감,https://job.alio.go.kr/recruit.do?pageNo=1&idx=285805
255,체험형 인턴 채용공고(주택관리공단 경남지사),주택관리공단(주),경남,"건설,기계,전기.전자,환경.에너지.안전",청년인턴(체험형),2025.05.12,25.05.27,D+37,마감,https://job.alio.go.kr/recruit.do?pageNo=1&idx=285804
256,체험형 인턴 채용공고(주택관리공단 대구경북지사),주택관리공단(주),경북,"건설,기계,전기.전자,환경.에너지.안전",청년인턴(체험형),2025.05.12,25.05.27,D+37,마감,https://job.alio.go.kr/recruit.do?pageNo=1&idx=285802
257,체험형 인턴 채용공고(주택관리공단 대구경북지사),주택관리공단(주),경북,"건설,기계,전기.전자,환경.에너지.안전",청년인턴(체험형),2025.05.12,25.05.27,D+37,마감,https://job.alio.go.kr/recruit.do?pageNo=1&idx=285800
258,체험형 인턴 채용공고(주택관리공단 광주전남지사),주택관리공단(주),전남,"건설,기계",청년인턴(체험형),2025.05.12,25.05.27,D+37,마감,https://job.alio.go.kr/recruit.do?pageNo=1&idx=285799
259,체험형 인턴 채용공고(주택관리공단 전북지사),주택관리공단(주),전북,"건설,기계,전기.전자,환경.에너지.안전",청년인턴(체험형),2025.05.12,25.05.27,D+37,마감,https://job.alio.go.kr/recruit.do?pageNo=1&idx=285798
260,체험형 인턴 채용공고(주택관리공단 충북지사),주택관리공단(주),충북,"건설,기계,전기.전자,환경.에너지.안전",청년인턴(체험형),2025.05.12,25.05.27,D+37,마감,https://job.alio.go.kr/recruit.do?pageNo=1&idx=285797
261,체험형 인턴 채용공고(주택관리공단 강원지사),주택관리공단(주),강원,경영.회계.사무,청년인턴(체험형),2025.05.12,25.05.27,D+37,마감,https://job.alio.go.kr/recruit.do?pageNo=1&idx=285796
262,체험형 인턴 채용공고(주택관리공단 강원지사),주택관리공단(주),강원,경영.회계.사무,청년인턴(체험형),2025.05.12,25.05.27,D+37,마감,https://job.alio.go.kr/recruit.do?pageNo=1&idx=285795
263,(수정) 체험형 인턴 채용공고(주택관리공단 강원지사),주택관리공단(주),강원,경영.회계.사무,청년인턴(체험형),2025.05.12,25.05.27,D+37,마감,https://job.alio.go.kr/recruit.do?pageNo=1&idx=287054
264,체험형 인턴 채용공고(주택관리공단 강원지사),주택관리공단(주),강원,경영.회계.사무,청년인턴(채용형),2025.05.12,25.05.27,D+37,마감,https://job.alio.go.kr/recruit.do?pageNo=1&idx=285793
265,체험형 인턴 채용공고(주택관리공단 인천지사),주택관리공단(주),"인천,경기","건설,기계,전기.전자,환경.에너지.안전",청년인턴(체험형),2025.05.12,25.05.27,D+37,마감,https://job.alio.go.kr/recruit.do?pageNo=1&idx=285791
266,체험형 인턴 채용공고(주택관리공단 부산울산지사),주택관리공단(주),"부산,울산",경영.회계.사무,청년인턴(체험형),2025.05.12,25.05.27,D+37,마감,https://job.alio.go.kr/recruit.do?pageNo=1&idx=285790
267,체험형 인턴 채용공고(주택관리공단 부산울산지사),주택관리공단(주),"부산,울산","건설,기계,전기.전자,환경.에너지.안전",청년인턴(체험형),2025.05.12,25.05.27,D+37,마감,https://job.alio.go.kr/recruit.do?pageNo=1&idx=285789
268,체험형 인턴 채용공고(주택관리공단 서울지사),주택관리공단(주),서울,"건설,기계,전기.전자,환경.에너지.안전",청년인턴(체험형),2025.05.12,25.05.27,D+37,마감,https://job.alio.go.kr/recruit.do?pageNo=1&idx=285787
269,"(수정) 체험형 인턴 채용공고(주택관리공단 본사, 장애인)",주택관리공단(주),경남,경영.회계.사무,청년인턴(체험형),2025.05.12,25.05.27,D+37,마감,https://job.alio.go.kr/recruit.do?pageNo=1&idx=285940
270,[한국장애인고용공단 대구직업능력개발원] 물리치료사 대체인력(체험형 청년인턴) 직원 채용공고,한국장애인고용공단,대구,보건.의료,청년인턴(체험형),2025.05.12,25.05.19,D+45,마감,https://job.alio.go.kr/recruit.do?pageNo=1&idx=285778
271,(수정) 2025년 신규직원 및 기간제근로자(육아휴직 대체 및 결원 인력) 채용계획 재공고,국제식물검역인증원,"인천,부산,울산,경기,경북,전남,전북","경영.회계.사무,환경.에너지.안전,농림어업",비정규직 외 1,2025.05.12,25.06.11,D+22,마감,https://job.alio.go.kr/recruit.do?pageNo=1&idx=286684
272,2025년 2차 장애인 체험형인턴 채용공고[대전세종충남본부],한국전력공사,"대전,충남,세종",경영.회계.사무,청년인턴(체험형),2025.05.12,25.05.26,D+38,마감,https://job.alio.go.kr/recruit.do?pageNo=1&idx=285765
273,2025년도 제1차 한국보건의료인국가시험원 행정인턴(체험형인턴) 채용 공고,한국보건의료인국가시험원,서울,"사업관리,경영.회계.사무",청년인턴(체험형),2025.05.12,25.05.26,D+38,마감,https://job.alio.go.kr/recruit.do?pageNo=1&idx=285709
274,한국폴리텍대학 인재원 청년인턴(일반) 채용 재공고,학교법인한국폴리텍,전북,경영.회계.사무,청년인턴(체험형),2025.05.10,25.05.15,D+49,마감,https://job.alio.go.kr/recruit.do?pageNo=1&idx=285739
275,2025년 한국철도공사 장애인 체험형 인턴사원 채용 공고,한국철도공사,"서울,인천,대전,대구,부산,광주,울산,경기,강원,충남,충북,경북,경남,전남,전북,세종","경영.회계.사무,운전.운송",청년인턴(체험형),2025.05.09,25.05.23,D+41,마감,https://job.alio.go.kr/recruit.do?pageNo=1&idx=285730
276,[한국환경연구원]2025년도 제6차 인턴직(장애인 제한경쟁) 채용공고,한국환경연구원,세종,경영.회계.사무,청년인턴(체험형),2025.05.09,25.05.26,D+38,마감,https://job.alio.go.kr/recruit.do?pageNo=1&idx=285727
277,한국동서발전(주) 2025년도 체험형 인턴 선발,한국동서발전(주),"대전,울산,경기,강원,충남,충북,전남","경영.회계.사무,보건.의료,건설,기계,화학,전기.전자,정보통신,환경.에너지.안전",청년인턴(체험형),2025.05.09,25.05.23,D+41,마감,https://job.alio.go.kr/recruit.do?pageNo=1&idx=285726
278,[경기요양병원] 청년(체험형)인턴 채용 공고,근로복지공단,경기,보건.의료,청년인턴(체험형),2025.05.09,25.05.16,D+48,마감,https://job.alio.go.kr/recruit.do?pageNo=1&idx=285725
279,[경기요양병원] 장애전형 청년(체험형)인턴 채용 공고,근로복지공단,경기,보건.의료,청년인턴(체험형),2025.05.09,25.05.16,D+48,마감,https://job.alio.go.kr/recruit.do?pageNo=1&idx=285724
280,[순천병원] 청년(체험형)인턴 채용 공고,근로복지공단,"광주,전남",보건.의료,청년인턴(체험형),2025.05.09,25.05.16,D+48,마감,https://job.alio.go.kr/recruit.do?pageNo=1&idx=285722
281,[태백요양병원] 청년(체험형)인턴 채용 공고,근로복지공단,강원,보건.의료,청년인턴(체험형),2025.05.09,25.05.19,D+45,마감,https://job.alio.go.kr/recruit.do?pageNo=1&idx=285721
282,[태백요양병원] 장애전형 청년(체험형)인턴 채용 공고,근로복지공단,강원,보건.의료,청년인턴(체험형),2025.05.09,25.05.19,D+45,마감,https://job.alio.go.kr/recruit.do?pageNo=1&idx=285719
283,2025년 제2차 장애인 체험형 인턴 채용공고 [경기북부본부],한국전력공사,경기,경영.회계.사무,청년인턴(체험형),2025.05.09,25.05.23,D+41,마감,https://job.alio.go.kr/recruit.do?pageNo=1&idx=285701
284,"한국공예디자인문화진흥원 직원(계약직-장애인제한경쟁, 보훈제한경쟁, 체험형청년인턴, 육휴대체, 일반) 채용공고(2025-003)",한국공예디자인문화진흥원,서울,문화.예술.디자인.방송,비정규직 외 1,2025.05.09,25.05.26,D+38,마감,https://job.alio.go.kr/recruit.do?pageNo=1&idx=285692
285,"2025년 한국폴리텍대학 전북캠퍼스 청년인턴(장애, 일반) 채용 공고(3차)",학교법인한국폴리텍,전북,경영.회계.사무,청년인턴(채용형),2025.05.08,25.05.15,D+49,마감,https://job.alio.go.kr/recruit.do?pageNo=1&idx=285679
286,2025년도 서울대학교병원 블라인드 장애인 체험형 인턴 채용 공고,서울대학교병원,서울,보건.의료,청년인턴(체험형),2025.05.08,25.05.21,D+43,마감,https://job.alio.go.kr/recruit.do?pageNo=1&idx=285673
287,2025년 1차 전북본부 장애인 체험형 청년인턴 모집공고,한국전력공사,전북,경영.회계.사무,청년인턴(체험형),2025.05.08,25.05.23,D+41,마감,https://job.alio.go.kr/recruit.do?pageNo=1&idx=285652
288,2025년 제4차 체험형인턴 및 제6차 계약직직원 채용 공고,한국식품안전관리인증원,"대전,충북","경영.회계.사무,교육.자연.사회과학,보건.의료",비정규직 외 1,2025.05.08,25.05.16,D+48,마감,https://job.alio.go.kr/recruit.do?pageNo=1&idx=285650
289,2025년 한국토지주택공사 신입사원(5·6급) 공채,한국토지주택공사,"서울,인천,대전,대구,부산,광주,울산,경기,강원,충남,충북,경북,경남,전남,전북,제주,세종","사업관리,경영.회계.사무,법률.경찰.소방.교도.국방,사회복지.종교,영업판매,건설,기계,화학,전기.전자,정보통신,환경.에너지.안전",청년인턴(채용형),2025.05.08,25.06.19,D+14,마감,https://job.alio.go.kr/recruit.do?pageNo=1&idx=285634
290,대구경북첨단의료산업진흥재단 2025년 3차 정원외 계약직원 채용 공고,대구경북첨단의료산업진흥재단,대구,"사업관리,경영.회계.사무,법률.경찰.소방.교도.국방,화학,연구",비정규직 외 1,2025.05.08,25.05.22,D+42,마감,https://job.alio.go.kr/recruit.do?pageNo=1&idx=285630
291,한국폴리텍대학 창원캠퍼스 체험형 청년인턴(장애인 제한경쟁) 3차 채용 공고,학교법인한국폴리텍,경남,경영.회계.사무,비정규직 외 1,2025.05.08,25.05.16,D+48,마감,https://job.alio.go.kr/recruit.do?pageNo=1&idx=285606
292,2025년 제2차 한국발명진흥회 공무직 채용(보훈제한경쟁),한국발명진흥회,전북,"사업관리,경영.회계.사무",무기계약직 외 1,2025.05.07,25.05.20,D+44,마감,https://job.alio.go.kr/recruit.do?pageNo=1&idx=285625
293,2025년 제2차 한국발명진흥회 체험형 인턴 채용(장애인 제한경쟁 및 일반),한국발명진흥회,서울,"사업관리,경영.회계.사무",청년인턴(체험형),2025.05.07,25.05.20,D+44,마감,https://job.alio.go.kr/recruit.do?pageNo=1&idx=285624
294,채용형 인턴 채용공고(주택관리공단 경기남부지사),주택관리공단(주),경기,"건설,기계,전기.전자,환경.에너지.안전",청년인턴(채용형),2025.05.07,25.05.14,D+50,마감,https://job.alio.go.kr/recruit.do?pageNo=1&idx=285623
295,한국폴리텍대학 남인천캠퍼스 무기계약직원(학과조교직_전기) 및 청년인턴(장애) 제한경쟁 채용 재공고,학교법인한국폴리텍,인천,"경영.회계.사무,전기.전자",무기계약직 외 1,2025.05.07,25.05.12,D+52,마감,https://job.alio.go.kr/recruit.do?pageNo=1&idx=285566
296,"한국폴리텍대학 로봇캠퍼스 청년인턴(장애 3차, 일반) 채용 공고",학교법인한국폴리텍,경북,경영.회계.사무,청년인턴(체험형),2025.05.07,25.05.16,D+48,마감,https://job.alio.go.kr/recruit.do?pageNo=1&idx=285319
297,2025년도 체험형 인턴 채용 공고,한국공항공사,"서울,대구,부산,충북,경북,경남,전남,제주","경영.회계.사무,건설,기계,정보통신,환경.에너지.안전",청년인턴(체험형),2025.05.02,25.05.16,D+48,마감,https://job.alio.go.kr/recruit.do?pageNo=1&idx=285587
298,2025년 공무원연금공단 사무·기술직 신입직원[채용형 인턴] 채용 공고,공무원연금공단,"서울,대구,부산,광주,제주,세종","사업관리,경영.회계.사무,법률.경찰.소방.교도.국방,사회복지.종교,건설,전기.전자",청년인턴(채용형),2025.05.02,25.05.16,D+48,마감,https://job.alio.go.kr/recruit.do?pageNo=1&idx=285585
299,채용형 인턴 채용공고(주택관리공단 강원지사),주택관리공단(주),강원,경영.회계.사무,청년인턴(채용형),2025.05.02,25.05.09,D+55,마감,https://job.alio.go.kr/recruit.do?pageNo=1&idx=285581
300,채용형 인턴 채용공고(주택관리공단 광주전남지사),주택관리공단(주),전남,경영.회계.사무,청년인턴(채용형),2025.05.02,25.05.12,D+52,마감,https://job.alio.go.kr/recruit.do?pageNo=1&idx=285580
